{
  "CHANGELOG.md": "bfcae6c61a4810de9ad86e0be858ee36",
  "CONTRIBUTING.md": "ad65d271f183b5adb9fdd58207939f5f",
  "Gemfile": "a5493d10f1c1fec87972b13a9fe1afcf",
  "LICENSE": "3b83ef96387f14655fc854ddc3c6bd57",
  "NOTICE": "1f980d52aefb316a359c6f3d59c06362",
  "README.markdown": "1b562a4466421a1d260dbfc0e152ba58",
  "Rakefile": "ab91824042ec3fd085a41cab7e0e90d4",
  "lib/facter/java_default_home.rb": "f9b305cac911df4fb6751f688d6169a2",
  "lib/facter/java_libjvm_path.rb": "dbbb26fbff3e103a99264cf5eaba2f8e",
  "lib/facter/java_major_version.rb": "b409cf1ff3874c45964f9f1857de0dba",
  "lib/facter/java_patch_level.rb": "48e4b129cad5d9406125747c60bd38e4",
  "lib/facter/java_version.rb": "1cacbaad9e857ca21a95d6af6ddbcf81",
  "manifests/config.pp": "368ed5e1b6dc066bd6c81c56b11483ae",
  "manifests/init.pp": "098d69e3755b9361cb0bd8e18c44271f",
  "manifests/oracle.pp": "a7653925dd5337018f380366c93de003",
  "manifests/params.pp": "839d7ce784c425941843b6332f290421",
  "metadata.json": "d04810b3cb75cc2c5eb825679fd7f33f",
  "spec/acceptance/install_spec.rb": "74389e626c11feb5f8c32c969a491c55",
  "spec/acceptance/nodesets/centos-7-x64.yml": "349128a7cfa9a953fb9af67cad52442a",
  "spec/acceptance/nodesets/debian-8-x64.yml": "d2d2977900989f30086ad251a14a1f39",
  "spec/acceptance/nodesets/default.yml": "b42da5a1ea0c964567ba7495574b8808",
  "spec/acceptance/nodesets/docker/centos-7.yml": "8a3892807bdd62306ae4774f41ba11ae",
  "spec/acceptance/nodesets/docker/debian-8.yml": "ac8e871d1068c96de5e85a89daaec6df",
  "spec/acceptance/nodesets/docker/ubuntu-14.04.yml": "dc42ee922a96908d85b8f0f08203ce58",
  "spec/classes/java_spec.rb": "3303f2aca8a75f87e15576ebbb3f9710",
  "spec/defines/oracle_spec.rb": "d28cc6a89be936397b379c775bd575c2",
  "spec/spec.opts": "a600ded995d948e393fbe2320ba8e51c",
  "spec/spec_helper.rb": "b2db3bc02b4ac2fd5142a6621c641b07",
  "spec/spec_helper_acceptance.rb": "1ccb28b3440cbee9245d5e4fb8a7e25f",
  "spec/unit/facter/java_default_home_spec.rb": "5b925c5b739e8c4d70d053d5699a1104",
  "spec/unit/facter/java_libjvm_path_spec.rb": "ea44cae970f3ed836030e6606abc2552",
  "spec/unit/facter/java_major_version_spec.rb": "9d4bec0e8132a8914525f1bb19a51b38",
  "spec/unit/facter/java_patch_level_spec.rb": "05374e6210d53e872bb3664490e615dd",
  "spec/unit/facter/java_version_spec.rb": "1e430da1bb45f834e218f29496366eee",
  "tests/alternative.pp": "13871502638413326ff8813dac13529b",
  "tests/init.pp": "91a343f9a46d8122c30df67c3d143508",
  "tests/oracle.pp": "e3d7bccd439baa9e68d89e4e4e172f9c"
}