{
  "name": "puppetlabs-java",
  "version": "1.0.0",
  "author": "edureka",
  "summary": "Installs the correct Java package on various platforms.",
  "license": "Apache-2.0",
  "source": "https://github.com/SeshagiriSriram/puppetlabs-java",
  "project_page": "https://github.com/SeshagiriSriram/puppetlabs-java",
  "issues_url": "https://tickets.puppetlabs.com/browse/MODULES",
  "dependencies": [
    {"name":"puppetlabs/stdlib","version_requirement":">= 2.4.0 < 5.0.0"}
  ],
  "data_provider": null,
  "operatingsystem_support": [
    {
      "operatingsystem": "RedHat",
      "operatingsystemrelease": [
        "5",
        "6",
        "7"
      ]
    },
    {
      "operatingsystem": "CentOS",
      "operatingsystemrelease": [
        "5",
        "6",
        "7"
      ]
    },
    {
      "operatingsystem": "OracleLinux",
      "operatingsystemrelease": [
        "6",
        "7"
      ]
    },
    {
      "operatingsystem": "Scientific",
      "operatingsystemrelease": [
        "5",
        "6"
      ]
    },
    {
      "operatingsystem": "Fedora",
      "operatingsystemrelease": [
        "20",
        "21",
        "22"
      ]
    },
    {
      "operatingsystem": "Debian",
      "operatingsystemrelease": [
        "6",
        "7",
        "8"
      ]
    },
    {
      "operatingsystem": "Ubuntu",
      "operatingsystemrelease": [
        "10.04",
        "12.04",
        "14.04",
        "16.04"
      ]
    },
    {
      "operatingsystem": "SLES",
      "operatingsystemrelease": [
        "11 SP1",
        "12"
      ]
    },
    {
      "operatingsystem": "Solaris",
      "operatingsystemrelease": [
        "11"
      ]
    }
  ],
  "requirements": [
    {
      "name": "pe",
      "version_requirement": ">= 3.0.0 < 2015.4.0"
    },
    {
      "name": "puppet",
      "version_requirement": ">= 3.0.0 < 5.0.0"
    }
  ]
}
