<?xml version='1.0' encoding='UTF-8'?>
<maven2-moduleset plugin="maven-plugin@2.15.1">
  <actions/>
  <description></description>
  <keepDependencies>false</keepDependencies>
  <properties>
    <org.jenkinsci.plugins.sharedworkspace.SharedWorkspace plugin="shared-workspace@1.0.2">
      <name>ADDRESSBOOK</name>
      <url>https://github.com/SeshagiriSriram/addressbook.git</url>
    </org.jenkinsci.plugins.sharedworkspace.SharedWorkspace>
  </properties>
  <scm class="hudson.scm.NullSCM"/>
  <canRoam>true</canRoam>
  <disabled>false</disabled>
  <blockBuildWhenDownstreamBuilding>false</blockBuildWhenDownstreamBuilding>
  <blockBuildWhenUpstreamBuilding>false</blockBuildWhenUpstreamBuilding>
  <jdk>(System)</jdk>
  <triggers/>
  <concurrentBuild>false</concurrentBuild>
  <rootModule>
    <groupId>com.edurekademo.tutorial</groupId>
    <artifactId>addressbook</artifactId>
  </rootModule>
  <goals>package -DskipTests=true</goals>
  <mavenName>LOCAL_MAVEN</mavenName>
  <aggregatorStyleBuild>true</aggregatorStyleBuild>
  <incrementalBuild>false</incrementalBuild>
  <ignoreUpstremChanges>false</ignoreUpstremChanges>
  <ignoreUnsuccessfulUpstreams>false</ignoreUnsuccessfulUpstreams>
  <archivingDisabled>false</archivingDisabled>
  <siteArchivingDisabled>false</siteArchivingDisabled>
  <fingerprintingDisabled>false</fingerprintingDisabled>
  <resolveDependencies>false</resolveDependencies>
  <processPlugins>false</processPlugins>
  <mavenValidationLevel>-1</mavenValidationLevel>
  <runHeadless>false</runHeadless>
  <disableTriggerDownstreamProjects>false</disableTriggerDownstreamProjects>
  <blockTriggerWhenBuilding>true</blockTriggerWhenBuilding>
  <settings class="jenkins.mvn.DefaultSettingsProvider"/>
  <globalSettings class="jenkins.mvn.DefaultGlobalSettingsProvider"/>
  <reporters/>
  <publishers>
    <hudson.plugins.cloneworkspace.CloneWorkspacePublisher plugin="clone-workspace-scm@0.6">
      <workspaceGlob></workspaceGlob>
      <criteria>Any</criteria>
      <archiveMethod>TAR</archiveMethod>
      <overrideDefaultExcludes>false</overrideDefaultExcludes>
    </hudson.plugins.cloneworkspace.CloneWorkspacePublisher>
  </publishers>
  <buildWrappers/>
  <prebuilders/>
  <postbuilders/>
  <runPostStepsIfResult>
    <name>FAILURE</name>
    <ordinal>2</ordinal>
    <color>RED</color>
    <completeBuild>true</completeBuild>
  </runPostStepsIfResult>
</maven2-moduleset>