<?xml version='1.0' encoding='UTF-8'?>
<project>
  <actions/>
  <description></description>
  <keepDependencies>false</keepDependencies>
  <properties>
    <org.jenkinsci.plugins.sharedworkspace.SharedWorkspace plugin="shared-workspace@1.0.2">
      <name>NONE</name>
    </org.jenkinsci.plugins.sharedworkspace.SharedWorkspace>
  </properties>
  <scm class="hudson.plugins.cloneworkspace.CloneWorkspaceSCM" plugin="clone-workspace-scm@0.6">
    <parentJobName>04_PACKAGE</parentJobName>
    <criteria>Successful</criteria>
  </scm>
  <assignedNode>SLAVE</assignedNode>
  <canRoam>false</canRoam>
  <disabled>false</disabled>
  <blockBuildWhenDownstreamBuilding>false</blockBuildWhenDownstreamBuilding>
  <blockBuildWhenUpstreamBuilding>false</blockBuildWhenUpstreamBuilding>
  <jdk>SLAVE_JDK</jdk>
  <triggers>
    <jenkins.triggers.ReverseBuildTrigger>
      <spec></spec>
      <upstreamProjects>04_PACKAGE,</upstreamProjects>
      <threshold>
        <name>SUCCESS</name>
        <ordinal>0</ordinal>
        <color>BLUE</color>
        <completeBuild>true</completeBuild>
      </threshold>
    </jenkins.triggers.ReverseBuildTrigger>
  </triggers>
  <concurrentBuild>false</concurrentBuild>
  <builders>
    <hudson.tasks.Shell>
      <command>cp $WORKSPACE/addressbook_main/target/addressbook.war /home/jenkins/images/myapp
/scripts/buildWebImage.sh $BUILD_NUMBER
</command>
    </hudson.tasks.Shell>
  </builders>
  <publishers>
    <hudson.plugins.parameterizedtrigger.BuildTrigger plugin="parameterized-trigger@2.33">
      <configs>
        <hudson.plugins.parameterizedtrigger.BuildTriggerConfig>
          <configs>
            <hudson.plugins.parameterizedtrigger.PredefinedBuildParameters>
              <properties>THIS_BUILD_NUMBER=$BUILD_NUMBER</properties>
            </hudson.plugins.parameterizedtrigger.PredefinedBuildParameters>
          </configs>
          <projects>06_DO_WEB_INTEG_TEST</projects>
          <condition>SUCCESS</condition>
          <triggerWithNoParameters>false</triggerWithNoParameters>
          <triggerFromChildProjects>false</triggerFromChildProjects>
        </hudson.plugins.parameterizedtrigger.BuildTriggerConfig>
      </configs>
    </hudson.plugins.parameterizedtrigger.BuildTrigger>
  </publishers>
  <buildWrappers>
    <EnvInjectBuildWrapper plugin="envinject@2.1">
      <info>
        <propertiesContent>THIS_BUILD_NUMBER=$BUILD_NUMBER</propertiesContent>
        <secureGroovyScript plugin="script-security@1.27">
          <script></script>
          <sandbox>false</sandbox>
        </secureGroovyScript>
        <loadFilesFromMaster>false</loadFilesFromMaster>
      </info>
    </EnvInjectBuildWrapper>
  </buildWrappers>
</project>