<?xml version='1.0' encoding='UTF-8'?>
<maven2-moduleset plugin="maven-plugin@2.15.1">
  <actions/>
  <description></description>
  <keepDependencies>false</keepDependencies>
  <properties>
    <org.jenkinsci.plugins.sharedworkspace.SharedWorkspace plugin="shared-workspace@1.0.2">
      <name>NONE</name>
    </org.jenkinsci.plugins.sharedworkspace.SharedWorkspace>
  </properties>
  <scm class="hudson.plugins.cloneworkspace.CloneWorkspaceSCM" plugin="clone-workspace-scm@0.6">
    <parentJobName>04_PACKAGE</parentJobName>
    <criteria>Any</criteria>
  </scm>
  <assignedNode>SLAVE</assignedNode>
  <canRoam>false</canRoam>
  <disabled>false</disabled>
  <blockBuildWhenDownstreamBuilding>false</blockBuildWhenDownstreamBuilding>
  <blockBuildWhenUpstreamBuilding>false</blockBuildWhenUpstreamBuilding>
  <jdk>SLAVE_JDK</jdk>
  <triggers/>
  <concurrentBuild>false</concurrentBuild>
  <rootModule>
    <groupId>com.edurekademo.tutorial</groupId>
    <artifactId>addressbook</artifactId>
  </rootModule>
  <goals>package -DskipTests=true</goals>
  <mavenName>SLAVE_MAVEN</mavenName>
  <aggregatorStyleBuild>true</aggregatorStyleBuild>
  <incrementalBuild>false</incrementalBuild>
  <ignoreUpstremChanges>false</ignoreUpstremChanges>
  <ignoreUnsuccessfulUpstreams>false</ignoreUnsuccessfulUpstreams>
  <archivingDisabled>false</archivingDisabled>
  <siteArchivingDisabled>false</siteArchivingDisabled>
  <fingerprintingDisabled>false</fingerprintingDisabled>
  <resolveDependencies>false</resolveDependencies>
  <processPlugins>false</processPlugins>
  <mavenValidationLevel>-1</mavenValidationLevel>
  <runHeadless>false</runHeadless>
  <disableTriggerDownstreamProjects>false</disableTriggerDownstreamProjects>
  <blockTriggerWhenBuilding>true</blockTriggerWhenBuilding>
  <settings class="jenkins.mvn.DefaultSettingsProvider"/>
  <globalSettings class="jenkins.mvn.DefaultGlobalSettingsProvider"/>
  <reporters/>
  <publishers/>
  <buildWrappers/>
  <prebuilders/>
  <postbuilders>
    <hudson.tasks.Shell>
      <command>scp $WORKSPACE/addressbook_main/target/addressbook.war vagrant@puppetmaster.edureka-demo.com:/etc/puppet/modules/tomcat/files
# this is added only for demo purposes
ssh vagrant@production.edureka-demo.com &apos;/home/vagrant/runPuppet.sh&apos; </command>
    </hudson.tasks.Shell>
  </postbuilders>
  <runPostStepsIfResult>
    <name>FAILURE</name>
    <ordinal>2</ordinal>
    <color>RED</color>
    <completeBuild>true</completeBuild>
  </runPostStepsIfResult>
</maven2-moduleset>