{
  "CHANGELOG.md": "ba47397a9b9bd08088f01283eb6e7f25",
  "CONTRIBUTING.md": "b78f71c1104f00538d50ad2775f58e95",
  "Gemfile": "d197734139f44a800a88d49ad4c34192",
  "LICENSE": "3b83ef96387f14655fc854ddc3c6bd57",
  "NOTICE": "41294df70e153f91944d5d0940bc37d5",
  "README.md": "a0f048d27fc17af393d64e657dd33c5b",
  "Rakefile": "6db744f1deed7ae0746abe59e3d50863",
  "examples/default_install_from_package.pp": "16469b859d7577ad3f6a8013ab44e1d9",
  "examples/default_install_from_source.pp": "7455aea873b7584f65aa9aa2e8501a4a",
  "examples/instance_with_context.pp": "339416ae7428267e372f41cc8aafd31a",
  "examples/instance_with_listener.pp": "d77ec83180782285ea6cc554902da546",
  "examples/instance_with_realm.pp": "09811a159cbc9a17ca2b96109461f931",
  "examples/instance_with_role_and_user.pp": "c3a288c6148c4b6ad5cfbeffdac71fe2",
  "examples/jsvc_install_from_source.pp": "32bfe6d0720a3d63410b349af9781656",
  "examples/multiple_instances.pp": "17a0c47d35bddae61aee3f53972eaca1",
  "manifests/config/context/environment.pp": "df0ba084471bbf429eb5f5fa15c21665",
  "manifests/config/context/manager.pp": "9e349546264aaaed037bb729ce07d58a",
  "manifests/config/context/resource.pp": "48983e209e068280e09bbd41239b83fc",
  "manifests/config/context/resourcelink.pp": "dc5b41a52b5dd8a9bd542319ae63c4bc",
  "manifests/config/context.pp": "065c9f70d855cef4b634bc1f562d734c",
  "manifests/config/properties/property.pp": "a891555475b670cfa980131692f21b49",
  "manifests/config/properties.pp": "203540525ebbf65cbcb10b879166bef8",
  "manifests/config/server/connector.pp": "258b71d9164723385ab319f4fb0ebfba",
  "manifests/config/server/context.pp": "4a00f32132ae766c35c345c7010d0dd8",
  "manifests/config/server/engine.pp": "a6ac9c710c25c4ec986dbe19243e5d82",
  "manifests/config/server/globalnamingresource.pp": "1dcfe5f23131b1c6947ca6f6590cb4b0",
  "manifests/config/server/host.pp": "05a11400f88009bf8b32dd19cf4fe13e",
  "manifests/config/server/listener.pp": "445ee08285c09b366bf2c0845438483d",
  "manifests/config/server/realm.pp": "45757f30bf89a5ee9cb87187830d630b",
  "manifests/config/server/service.pp": "9ebceb39c785424f197d87ea66e4fb6a",
  "manifests/config/server/tomcat_users.pp": "981c9f1ee5ba1cca6f2360e333dea777",
  "manifests/config/server/valve.pp": "f51e6e1fab4cc34770ecf860d8561cbc",
  "manifests/config/server.pp": "a7f1107e8d94382efb617910c5af92c2",
  "manifests/init.pp": "1985da95d827cf69bd79baf91ce26157",
  "manifests/install/package.pp": "3c60edc249c96d9978dca2fd381bb53b",
  "manifests/install/source.pp": "808f3cdbd9bd59a6b397ce46674e40f4",
  "manifests/install.pp": "39be1eb0843126e605734fa060626e05",
  "manifests/instance/copy_from_home.pp": "9e2ca14fa8abdbe19e6b81b22483837c",
  "manifests/instance/dependencies.pp": "5e3380372a1f639e7924c974ca6be7a5",
  "manifests/instance.pp": "455ff1e208ad3760cefdbe90aab93dfd",
  "manifests/params.pp": "fc1975a1d4c5e6e6936187f06c0ab88d",
  "manifests/service.pp": "1f5570207bfb37d7acaa1e72ccec7e58",
  "manifests/setenv/entry.pp": "a45cbfc70aecdceae710b78bbe86377a",
  "manifests/war.pp": "f52a05c77070f16cc5f488d1c7873af5",
  "metadata.json": "dbcebe5b3751b67782d5767635d85b99",
  "spec/acceptance/acceptance_1a_spec.rb": "fd2d3b85205042869ad6d889abff9237",
  "spec/acceptance/acceptance_1b_spec.rb": "11d7e3006b2cf0866d3a346d09e3e5ac",
  "spec/acceptance/acceptance_2a_spec.rb": "08c02584fca96dd8af5743294273a4de",
  "spec/acceptance/acceptance_2b_spec.rb": "1ebd729f7ed53a2b3942a6f3c4ec9851",
  "spec/acceptance/acceptance_3a_spec.rb": "7f9a40edbcb2d19e0abc6583247bd9b2",
  "spec/acceptance/acceptance_3b_spec.rb": "7dd99edd2fdaece73a39e91dbb1c9b91",
  "spec/acceptance/acceptance_4a_spec.rb": "b790a9b1417d3e97b32db6434f19aea5",
  "spec/acceptance/acceptance_4b_spec.rb": "edd34954cba8e16477a53c8abf36f7d8",
  "spec/acceptance/nodesets/centos-7-x64.yml": "a713f3abd3657f0ae2878829badd23cd",
  "spec/acceptance/nodesets/debian-8-x64.yml": "d2d2977900989f30086ad251a14a1f39",
  "spec/acceptance/nodesets/default.yml": "b42da5a1ea0c964567ba7495574b8808",
  "spec/acceptance/nodesets/docker/centos-7.yml": "8a3892807bdd62306ae4774f41ba11ae",
  "spec/acceptance/nodesets/docker/debian-8.yml": "ac8e871d1068c96de5e85a89daaec6df",
  "spec/acceptance/nodesets/docker/ubuntu-14.04.yml": "dc42ee922a96908d85b8f0f08203ce58",
  "spec/acceptance/readme_spec.rb": "dfaa2c3b58a0a29e4475f0b184433e26",
  "spec/classes/init_spec.rb": "d4b65c6bf7d467c62e950592091eaff3",
  "spec/classes/tomcat_spec.rb": "71824d52acbced24df30c4e38ca38925",
  "spec/defines/config/context/environment_spec.rb": "b2ae57cc8e07beeaf597ad5958d25ba2",
  "spec/defines/config/context/manager_spec.rb": "133cfec1c3ccd0493c69b600b0d031aa",
  "spec/defines/config/context/resource_spec.rb": "493cdd6384f75783b214c9032b15d471",
  "spec/defines/config/context/resourcelink_spec.rb": "e581ff7eba88179d03fa9c6750f7f59e",
  "spec/defines/config/context_spec.rb": "500719e48d80c970097b6fe49b39ec67",
  "spec/defines/config/server/connector_spec.rb": "20802e2c672e2113c677557423fb67b2",
  "spec/defines/config/server/context_spec.rb": "c9bb51200b14c50d4c50a674f73d298f",
  "spec/defines/config/server/engine_spec.rb": "a40216312a305438f9f3440c792564e1",
  "spec/defines/config/server/host_spec.rb": "98fc5ef6fd30a9758ecefb692a4a33b0",
  "spec/defines/config/server/listener_spec.rb": "46452341dd436b215eca7fa5b35432f3",
  "spec/defines/config/server/realm_spec.rb": "5fb4808775baf1523198ff9dfcb22d09",
  "spec/defines/config/server/service_spec.rb": "6b8bdce1aae2ae3b5ab29d06cec195c7",
  "spec/defines/config/server/tomcat_users_spec.rb": "a7c7f75a5ea928346f6c4f798574fd0f",
  "spec/defines/config/server/valve_spec.rb": "46bbdd16680be27f45a173805b241ecb",
  "spec/defines/config/server_spec.rb": "35e3720521a9dd086f5482316f86feb1",
  "spec/defines/instance_spec.rb": "283f2d5f0eee4d63f33ae76bc1f39c23",
  "spec/defines/service_spec.rb": "04e434800afa66ea4d266b84f7791a4e",
  "spec/defines/setenv/entry_spec.rb": "63af43f1270a276c420cf64d8ff4206f",
  "spec/defines/war_spec.rb": "f0ca6d7d6a42c39fee9fd5545651a858",
  "spec/spec.opts": "a600ded995d948e393fbe2320ba8e51c",
  "spec/spec_helper.rb": "b2db3bc02b4ac2fd5142a6621c641b07",
  "spec/spec_helper_acceptance.rb": "576d4cfe664799a3a0f6fd698dbc0070",
  "templates/jsvc-init.erb": "fd5de8fb7fc23de31c00d2343535c77a"
}