{
  "name": "puppetlabs-tomcat",
  "version": "1.0.0",
  "author": "Edureka",
  "summary": "Installs, deploys, and configures Apache Tomcat web services.",
  "license": "Apache-2.0",
  "source": "https://github.com/SeshagiriSriram/puppetlabs-tomcat",
  "project_page": "https://github.com/SeshagiriSriram/puppetlabs-tomcat",
  "issues_url": "https://tickets.puppetlabs.com/browse/MODULES",
  "dependencies": [
    {"name":"puppetlabs/stdlib","version_requirement":">= 4.6.0 < 5.0.0"},
    {"name":"puppetlabs/concat","version_requirement":">= 1.1.0 < 3.0.0"},
    {"name":"puppet/staging","version_requirement":">= 0.4.1 < 2.0.0"}
  ],
  "data_provider": null,
  "operatingsystem_support": [
    {
      "operatingsystem": "RedHat",
      "operatingsystemrelease": [
        "5",
        "6",
        "7"
      ]
    },
    {
      "operatingsystem": "CentOS",
      "operatingsystemrelease": [
        "5",
        "6",
        "7"
      ]
    },
    {
      "operatingsystem": "OracleLinux",
      "operatingsystemrelease": [
        "5",
        "6",
        "7"
      ]
    },
    {
      "operatingsystem": "Scientific",
      "operatingsystemrelease": [
        "5",
        "6",
        "7"
      ]
    },
    {
      "operatingsystem": "Debian",
      "operatingsystemrelease": [
        "6",
        "7",
        "8"
      ]
    },
    {
      "operatingsystem": "Ubuntu",
      "operatingsystemrelease": [
        "10.04",
        "12.04",
        "14.04"
      ]
    }
  ],
  "requirements": [
    {
      "name": "puppet",
      "version_requirement": ">= 3.0.0 < 5.0.0"
    }
  ]
}
